channel,median omega_eff,mean omega_eff,std,n
amp_damp,2.016854197972539,2.0283271537369063,0.028602797330724117,24
dephase,1.2421459914899777,1.2950907279282673,0.23503661842539914,24
depol,1.850778607605051,1.8446398947332983,0.04973033829139479,24
x_err,1.9871374055911142,1.9692223050637514,0.040383529751826026,24
