channel,n,intercept,slope_gL,R2,lambda_coh,omega_implied,omega_eff_median,omega_eff_iqr
amp_damp,7,0.0004683162118190821,1.9157528296922268,0.9998495201267165,0.99999999999989,0.9578764148462188,0.9912936135544783,0.018100431482289014
dephase,7,0.0018169587509415295,3.6708681802346312,0.9993922867278546,3.995999999999889,0.45931784036971135,0.49182878409026265,0.01784839687939449
depol,7,0.01577425748435553,9.020169271690904,0.9930995754613604,6.647586339771916,0.6784544653240557,0.8500832755558134,0.10181823949777846
x_err,7,0.02704430807297318,10.86358195945522,0.9861127824220586,7.973049945035338,0.6812689017594679,0.9262031720259832,0.14618305595446934
